Респ Адыгея, г Адыгейск
г Майкоп
г Горно-Алтайск
Алтайский край, г Алейск
г Барнаул
Алтайский край, г Белокуриха
Алтайский край, г Бийск
Алтайский край, г Горняк
Алтайский край, г Заринск
Алтайский край, г Змеиногорск
Алтайский край, г Камень-на-Оби
Алтайский край, г Новоалтайск
Алтайский край, г Рубцовск
Алтайский край, г Славгород
Алтайский край, г Яровое
Амурская обл, г Белогорск
г Благовещенск
Амурская обл, г Завитинск
Амурская обл, г Зея
Амурская обл, г Райчихинск
Амурская обл, г Свободный
Амурская обл, г Сковородино
Амурская обл, г Тында
Амурская обл, г Циолковский
Амурская обл, г Шимановск
г Архангельск
Архангельская обл, г Вельск
Архангельская обл, г Каргополь
Архангельская обл, г Коряжма
Архангельская обл, г Котлас
Архангельская обл, г Мезень
Архангельская обл, г Мирный
Архангельская обл, г Новодвинск
Архангельская обл, г Няндома
Архангельская обл, г Онега
Архангельская обл, г Северодвинск
Архангельская обл, Котласский р-н, г Сольвычегодск
Архангельская обл, г Шенкурск
г Астрахань
Астраханская обл, г Ахтубинск
Астраханская обл, г Знаменск
Астраханская обл, г Камызяк
Астраханская обл, г Нариманов
Астраханская обл, г Харабали
Респ Башкортостан, г Агидель
Респ Башкортостан, г Баймак
Респ Башкортостан, г Белебей
Респ Башкортостан, г Белорецк
Респ Башкортостан, г Бирск
Респ Башкортостан, г Благовещенск
Респ Башкортостан, г Давлеканово
Респ Башкортостан, г Дюртюли
Респ Башкортостан, г Ишимбай
Респ Башкортостан, г Кумертау
Респ Башкортостан, г Межгорье
Респ Башкортостан, г Мелеуз
Респ Башкортостан, г Нефтекамск
Респ Башкортостан, г Октябрьский
Респ Башкортостан, г Салават
Респ Башкортостан, г Сибай
Респ Башкортостан, г Стерлитамак
Респ Башкортостан, г Туймазы
г Уфа
Респ Башкортостан, г Учалы
Респ Башкортостан, г Янаул
Белгородская обл, г Алексеевка
г Белгород
Белгородская обл, г Бирюч
Белгородская обл, г Валуйки
Белгородская обл, г Грайворон
Белгородская обл, г Губкин
Белгородская обл, г Короча
Белгородская обл, г Новый Оскол
Белгородская обл, г Старый Оскол
Белгородская обл, г Строитель
Белгородская обл, г Шебекино
г Брянск
Брянская обл, г Дятьково
Брянская обл, г Жуковка
Брянская обл, г Злынка
Брянская обл, г Карачев
Брянская обл, г Клинцы
Брянская обл, г Мглин
Брянская обл, г Новозыбков
Брянская обл, г Почеп
Брянская обл, г Севск
Брянская обл, г Сельцо
Брянская обл, г Стародуб
Брянская обл, г Сураж
Брянская обл, г Трубчевск
Брянская обл, г Унеча
Брянская обл, г Фокино
Респ Бурятия, Кабанский р-н, г Бабушкин
Респ Бурятия, г Гусиноозерск
Респ Бурятия, г Закаменск
Респ Бурятия, г Кяхта
Респ Бурятия, г Северобайкальск
г Улан-Удэ
Владимирская обл, г Александров
г Владимир
Владимирская обл, г Вязники
Владимирская обл, г Гороховец
Владимирская обл, г Гусь-Хрустальный
Владимирская обл, г Камешково
Владимирская обл, Александровский р-н, г Карабаново
Владимирская обл, г Киржач
Владимирская обл, г Ковров
Владимирская обл, г Кольчугино
Владимирская обл, Петушинский р-н, г Костерево
Владимирская обл, Гусь-Хрустальный р-н, г Курлово
Владимирская обл, Собинский р-н, г Лакинск
Владимирская обл, г Меленки
Владимирская обл, г Муром
Владимирская обл, г Петушки
Владимирская обл, Петушинский р-н, г Покров
Владимирская обл, г Радужный
Владимирская обл, г Собинка
Владимирская обл, Александровский р-н, г Струнино
Владимирская обл, г Судогда
Владимирская обл, г Суздаль
Владимирская обл, г Юрьев-Польский
г Волгоград
Волгоградская обл, г Волжский
Волгоградская обл, г Дубовка
Волгоградская обл, г Жирновск
Волгоградская обл, г Калач-на-Дону
Волгоградская обл, г Камышин
Волгоградская обл, г Котельниково
Волгоградская обл, г Котово
Волгоградская обл, Среднеахтубинский р-н, г Краснослободск
Волгоградская обл, г Ленинск
Волгоградская обл, г Михайловка
Волгоградская обл, г Николаевск
Волгоградская обл, г Новоаннинский
Волгоградская обл, г Палласовка
Волгоградская обл, Камышинский р-н, г Петров Вал
Волгоградская обл, г Серафимович
Волгоградская обл, г Суровикино
Волгоградская обл, г Урюпинск
Волгоградская обл, г Фролово
Вологодская обл, г Бабаево
Вологодская обл, г Белозерск
Вологодская обл, г Великий Устюг
г Вологда
Вологодская обл, г Вытегра
Вологодская обл, г Грязовец
Вологодская обл, Сокольский р-н, г Кадников
Вологодская обл, г Кириллов
Вологодская обл, Великоустюгский р-н, г Красавино
Вологодская обл, г Никольск
Вологодская обл, г Сокол
Вологодская обл, г Тотьма
Вологодская обл, г Устюжна
Вологодская обл, г Харовск
Вологодская обл, г Череповец
Воронежская обл, г Бобров
Воронежская обл, г Богучар
Воронежская обл, г Борисоглебск
Воронежская обл, г Бутурлиновка
г Воронеж
Воронежская обл, г Калач
Воронежская обл, г Лиски
Воронежская обл, г Нововоронеж
Воронежская обл, г Новохоперск
Воронежская обл, г Острогожск
Воронежская обл, г Павловск
Воронежская обл, г Поворино
Воронежская обл, г Россошь
Воронежская обл, г Семилуки
Воронежская обл, г Эртиль
Респ Дагестан, г Буйнакск
Респ Дагестан, г Дагестанские Огни
Респ Дагестан, г Дербент
Респ Дагестан, г Избербаш
Респ Дагестан, г Каспийск
Респ Дагестан, г Кизилюрт
Респ Дагестан, г Кизляр
г Махачкала
Респ Дагестан, г Хасавюрт
Респ Дагестан, г Южно-Сухокумск
г Биробиджан
Еврейская Аобл, г Облучье
Забайкальский край, г Балей
Забайкальский край, г Борзя
Забайкальский край, г Краснокаменск
Забайкальский край, г Могоча
Забайкальский край, г Нерчинск
Забайкальский край, г Петровск-Забайкальский
Забайкальский край, г Сретенск
Забайкальский край, г Хилок
г Чита
Забайкальский край, г Шилка
Ивановская обл, г Вичуга
Ивановская обл, г Гаврилов Посад
Ивановская обл, г Заволжск
г Иваново
Ивановская обл, г Кинешма
Ивановская обл, г Комсомольск
Ивановская обл, г Кохма
Ивановская обл, Кинешемский р-н, г Наволоки
Ивановская обл, Приволжский р-н, г Плес
Ивановская обл, г Приволжск
Ивановская обл, г Пучеж
Ивановская обл, г Родники
Ивановская обл, г Тейково
Ивановская обл, г Фурманов
Ивановская обл, г Шуя
Ивановская обл, г Южа
Ивановская обл, г Юрьевец
Респ Ингушетия, г Карабулак
г Магас
Респ Ингушетия, г Малгобек
Респ Ингушетия, г Назрань
Респ Ингушетия, г Сунжа
Иркутская обл, Нижнеудинский р-н, г Алзамай
Иркутская обл, г Ангарск
Иркутская обл, Слюдянский р-н, г Байкальск
Иркутская обл, Тайшетский р-н, г Бирюсинск
Иркутская обл, г Бодайбо
Иркутская обл, г Братск
Иркутская обл, Братский р-н, г Вихоревка
Иркутская обл, г Железногорск-Илимский
Иркутская обл, г Зима
г Иркутск
Иркутская обл, г Киренск
Иркутская обл, г Нижнеудинск
Иркутская обл, г Саянск
Иркутская обл, г Свирск
Иркутская обл, г Слюдянка
Иркутская обл, г Тайшет
Иркутская обл, г Тулун
Иркутская обл, г Усолье-Сибирское
Иркутская обл, г Усть-Илимск
Иркутская обл, г Усть-Кут
Иркутская обл, г Черемхово
Иркутская обл, г Шелехов
Респ Кабардино-Балкарская, г Баксан
Респ Кабардино-Балкарская, г Майский
г Нальчик
Респ Кабардино-Балкарская, г Нарткала
Респ Кабардино-Балкарская, г Прохладный
Респ Кабардино-Балкарская, г Терек
Респ Кабардино-Балкарская, г Тырныауз
Респ Кабардино-Балкарская, г Чегем
Калининградская обл, г Багратионовск
Калининградская обл, г Балтийск
Калининградская обл, г Гвардейск
Калининградская обл, г Гурьевск
Калининградская обл, г Гусев
Калининградская обл, г Зеленоградск
г Калининград
Калининградская обл, г Краснознаменск
Калининградская обл, г Ладушкин
Калининградская обл, г Мамоново
Калининградская обл, г Неман
Калининградская обл, г Нестеров
Калининградская обл, г Озерск
Калининградская обл, г Пионерский
Калининградская обл, г Полесск
Калининградская обл, г Правдинск
Калининградская обл, Балтийский р-н, г Приморск
Калининградская обл, г Светлогорск
Калининградская обл, г Светлый
Калининградская обл, г Славск
Калининградская обл, г Советск
Калининградская обл, г Черняховск
Респ Калмыкия, г Городовиковск
Респ Калмыкия, г Лагань
г Элиста
Калужская обл, Боровский р-н, г Балабаново
Калужская обл, Жуковский р-н, г Белоусово
Калужская обл, г Боровск
Калужская обл, Боровский р-н, г Ермолино
Калужская обл, г Жиздра
Калужская обл, г Жуков
г Калуга
Калужская обл, г Киров
Калужская обл, г Козельск
Калужская обл, г Кондрово
Калужская обл, Жуковский р-н, г Кременки
Калужская обл, г Людиново
Калужская обл, г Малоярославец
Калужская обл, г Медынь
Калужская обл, г Мещовск
Калужская обл, г Мосальск
Калужская обл, г Обнинск
Калужская обл, Козельский р-н, г Сосенский
Калужская обл, г Спас-Деменск
Калужская обл, г Сухиничи
Калужская обл, Тарусский р-н, г Таруса
Калужская обл, г Юхнов
Камчатский край, г Вилючинск
Камчатский край, г Елизово
г Петропавловск-Камчатский
Респ Карачаево-Черкесская, г Карачаевск
Респ Карачаево-Черкесская, г Теберда
Респ Карачаево-Черкесская, г Усть-Джегута
г Черкесск
Респ Карелия, г Беломорск
Респ Карелия, Кемский р-н, г Кемь
Респ Карелия, г Кондопога
Респ Карелия, г Костомукша
Респ Карелия, г Лахденпохья
Респ Карелия, г Медвежьегорск
Респ Карелия, г Олонец
г Петрозаводск
Респ Карелия, г Питкяранта
Респ Карелия, г Пудож
Респ Карелия, г Сегежа
Респ Карелия, г Сортавала
Респ Карелия, г Суоярви
Кемеровская область - Кузбасс, г Анжеро-Судженск
Кемеровская область - Кузбасс, г Белово
Кемеровская область - Кузбасс, г Березовский
Кемеровская область - Кузбасс, г Гурьевск
Кемеровская область - Кузбасс, г Калтан
г Кемерово
Кемеровская область - Кузбасс, г Киселевск
Кемеровская область - Кузбасс, г Ленинск-Кузнецкий
Кемеровская область - Кузбасс, г Мариинск
Кемеровская область - Кузбасс, г Междуреченск
Кемеровская область - Кузбасс, г Мыски
Кемеровская область - Кузбасс, г Новокузнецк
Кемеровская область - Кузбасс, г Осинники
Кемеровская область - Кузбасс, г Полысаево
Кемеровская область - Кузбасс, г Прокопьевск
Кемеровская область - Кузбасс, Гурьевский р-н, г Салаир
Кемеровская область - Кузбасс, г Тайга
Кемеровская область - Кузбасс, г Таштагол
Кемеровская область - Кузбасс, г Топки
Кемеровская область - Кузбасс, г Юрга
Кировская обл, г Белая Холуница
Кировская обл, г Вятские Поляны
Кировская обл, г Зуевка
г Киров
Кировская обл, г Кирово-Чепецк
Кировская обл, г Кирс
Кировская обл, г Котельнич
Кировская обл, г Луза
Кировская обл, г Малмыж
Кировская обл, г Мураши
Кировская обл, г Нолинск
Кировская обл, г Омутнинск
Кировская обл, г Орлов
Кировская обл, г Слободской
Кировская обл, г Советск
Кировская обл, Вятскополянский р-н, г Сосновка
Кировская обл, г Уржум
Кировская обл, г Яранск
Респ Коми, г Воркута
Респ Коми, г Вуктыл
Респ Коми, г Емва
Респ Коми, г Инта
Респ Коми, Усть-Вымский р-н, г Микунь
Респ Коми, г Печора
Респ Коми, г Сосногорск
г Сыктывкар
Респ Коми, г Усинск
Респ Коми, г Ухта
Костромская обл, г Буй
Костромская обл, г Волгореченск
Костромская обл, г Галич
Костромская обл, г Кологрив
г Кострома
Костромская обл, г Макарьев
Костромская обл, г Мантурово
Костромская обл, г Нерехта
Костромская обл, г Нея
Костромская обл, г Солигалич
Костромская обл, г Чухлома
Костромская обл, г Шарья
Краснодарский край, г Абинск
Краснодарский край, г Анапа
Краснодарский край, г Апшеронск
Краснодарский край, г Армавир
Краснодарский край, г Белореченск
Краснодарский край, г Геленджик
Краснодарский край, г Горячий Ключ
Краснодарский край, г Гулькевичи
Краснодарский край, г Ейск
Краснодарский край, г Кореновск
г Краснодар
Краснодарский край, Кавказский р-н, г Кропоткин
Краснодарский край, г Крымск
Краснодарский край, г Курганинск
Краснодарский край, г Лабинск
Краснодарский край, г Новокубанск
Краснодарский край, г Новороссийск
Краснодарский край, г Приморско-Ахтарск
Краснодарский край, г Славянск-на-Кубани
Краснодарский край, г Сочи
Краснодарский край, г Темрюк
Краснодарский край, г Тимашевск
Краснодарский край, г Тихорецк
Краснодарский край, г Туапсе
Краснодарский край, г Усть-Лабинск
Краснодарский край, Апшеронский р-н, г Хадыженск
Красноярский край, Курагинский р-н, г Артемовск
Красноярский край, г Ачинск
Красноярский край, г Боготол
Красноярский край, г Бородино
Красноярский край, г Дивногорск
Красноярский край, г Дудинка
Красноярский край, г Енисейск
Красноярский край, г Железногорск
Красноярский край, Рыбинский р-н, г Заозерный
Красноярский край, г Зеленогорск
Красноярский край, Туруханский р-н, г Игарка
Красноярский край, г Иланский
Красноярский край, г Канск
Красноярский край, г Кодинск
г Красноярск
Красноярский край, г Лесосибирск
Красноярский край, г Минусинск
Красноярский край, г Назарово
Красноярский край, г Норильск
Красноярский край, г Сосновоборск
Красноярский край, г Ужур
Красноярский край, г Уяр
Красноярский край, г Шарыпово
Респ Крым, г Ялта, г Алупка
Респ Крым, г Алушта
Респ Крым, г Армянск
Респ Крым, Бахчисарайский р-н, г Бахчисарай
Респ Крым, Белогорский р-н, г Белогорск
Респ Крым, г Джанкой
Респ Крым, г Евпатория
Респ Крым, г Керчь
Респ Крым, г Красноперекопск
Респ Крым, г Саки
Респ Крым, г Симферополь
Респ Крым, Кировский р-н, г Старый Крым
Респ Крым, г Судак
Респ Крым, г Феодосия
Респ Крым, Ленинский р-н, г Щелкино
Респ Крым, г Ялта
Курганская обл, г Далматово
Курганская обл, г Катайск
г Курган
Курганская обл, г Куртамыш
Курганская обл, г Макушино
Курганская обл, г Петухово
Курганская обл, г Шадринск
Курганская обл, г Шумиха
Курганская обл, г Щучье
Курская обл, Дмитриевский р-н, г Дмитриев
Курская обл, г Железногорск
г Курск
Курская обл, г Курчатов
Курская обл, г Льгов
Курская обл, г Обоянь
Курская обл, г Рыльск
Курская обл, г Суджа
Курская обл, г Фатеж
Курская обл, г Щигры
Ленинградская обл, г Бокситогорск
Ленинградская обл, г Волосово
Ленинградская обл, г Волхов
Ленинградская обл, г Всеволожск
Ленинградская обл, г Выборг
Ленинградская обл, Выборгский р-н, г Высоцк
Ленинградская обл, г Гатчина
Ленинградская обл, Кингисеппский р-н, г Ивангород
Ленинградская обл, Выборгский р-н, г Каменногорск
Ленинградская обл, г Кингисепп
Ленинградская обл, г Кириши
Ленинградская обл, г Кировск
Ленинградская обл, Гатчинский р-н, г Коммунар
Ленинградская обл, Всеволожский р-н, г Кудрово
Ленинградская обл, г Лодейное Поле
Ленинградская обл, г Луга
Ленинградская обл, Тосненский р-н, г Любань
Ленинградская обл, Всеволожский р-н, г Мурино
Ленинградская обл, Тосненский р-н, г Никольское
Ленинградская обл, Волховский р-н, г Новая Ладога
Ленинградская обл, Кировский р-н, г Отрадное
Ленинградская обл, Бокситогорский р-н, г Пикалево
Ленинградская обл, г Подпорожье
Ленинградская обл, Выборгский р-н, г Приморск
Ленинградская обл, г Приозерск
Ленинградская обл, Выборгский р-н, г Светогорск
Ленинградская обл, Всеволожский р-н, г Сертолово
Ленинградская обл, г Сланцы
Ленинградская обл, г Сосновый Бор
Ленинградская обл, Волховский р-н, г Сясьстрой
Ленинградская обл, г Тихвин
Ленинградская обл, г Тосно
Ленинградская обл, Кировский р-н, г Шлиссельбург
Липецкая обл, г Грязи
Липецкая обл, г Данков
Липецкая обл, г Елец
Липецкая обл, г Задонск
Липецкая обл, г Лебедянь
г Липецк
Липецкая обл, г Усмань
Липецкая обл, г Чаплыгин
г Магадан
Магаданская обл, г Сусуман
Респ Марий Эл, г Волжск
Респ Марий Эл, г Звенигово
г Йошкар-Ола
Респ Марий Эл, г Козьмодемьянск
Респ Мордовия, г Ардатов
Респ Мордовия, г Инсар
Респ Мордовия, г Ковылкино
Респ Мордовия, г Краснослободск
Респ Мордовия, г Рузаевка
г Саранск
Респ Мордовия, г Темников
г Москва
Московская обл, г Наро-Фоминск, г Апрелевка
Московская обл, г Балашиха
Московская обл, г Воскресенск, г Белоозёрский
Московская обл, г Бронницы
Московская обл, г Наро-Фоминск, г Верея
Московская обл, г Видное
Московская обл, г Волоколамск
Московская обл, г Воскресенск
Московская обл, г Клин, г Высоковск
Московская обл, г Одинцово, г Голицыно
Московская обл, г Истра, г Дедовск
Московская обл, г Дзержинский
Московская обл, г Дмитров
Московская обл, г Долгопрудный
Московская обл, г Домодедово
Московская обл, г Орехово-Зуево, г Дрезна
Московская обл, г Дубна
Московская обл, г Егорьевск
Московская обл, г Жуковский
Московская обл, г Зарайск
Московская обл, г Одинцово, г Звенигород
Московская обл, г Ивантеевка
Московская обл, г Истра
Московская обл, г Кашира
Московская обл, г Клин
Московская обл, г Коломна
Московская обл, г Королёв
Московская обл, г Котельники
Московская обл, г Красноармейск
Московская обл, г Красногорск
Московская обл, г Сергиев Посад, г Краснозаводск
Московская обл, г Краснознаменск
Московская обл, г Одинцово, г Кубинка
Московская обл, г Орехово-Зуево, г Куровское
Московская обл, г Орехово-Зуево, г Ликино-Дулёво
Московская обл, г Лобня
Московская обл, г Лосино-Петровский
Московская обл, г Луховицы
Московская обл, г Лыткарино
Московская обл, г Люберцы
Московская обл, г Можайск
Московская обл, г Мытищи
Московская обл, г Наро-Фоминск
Московская обл, г Ногинск
Московская обл, г Одинцово
Московская обл, г Озёры
Московская обл, г Орехово-Зуево
Московская обл, г Павловский Посад
Московская обл, г Сергиев Посад, г Пересвет
Московская обл, г Подольск
Московская обл, г Протвино
Московская обл, г Пушкино
Московская обл, г Пущино
Московская обл, г Раменское
Московская обл, г Реутов
Московская обл, г Шатура, г Рошаль
Московская обл, г Руза
Московская обл, г Сергиев Посад
Московская обл, г Серпухов
Московская обл, г Солнечногорск
Московская обл, г Ногинск, г Старая Купавна
Московская обл, г Ступино
Московская обл, г Талдом
Московская обл, г Фрязино
Московская обл, г Химки
Московская обл, г Сергиев Посад, г Хотьково
Московская обл, г Черноголовка
Московская обл, г Чехов
Московская обл, г Шатура
Московская обл, г Щёлково
Московская обл, г Электрогорск
Московская обл, г Электросталь
Московская обл, г Ногинск, г Электроугли
Московская обл, г Дмитров, г Яхрома
Мурманская обл, г Апатиты
Мурманская обл, г Гаджиево
Мурманская обл, г Заозерск
Мурманская обл, Печенгский р-н, г Заполярный
Мурманская обл, г Кандалакша
Мурманская обл, г Кировск
Мурманская обл, г Ковдор
Мурманская обл, г Кола
Мурманская обл, г Мончегорск
г Мурманск
Мурманская обл, г Оленегорск
Мурманская обл, г Островной
Мурманская обл, г Полярные Зори
Мурманская обл, г Полярный
Мурманская обл, г Североморск
Мурманская обл, г Снежногорск
г Нарьян-Мар
Нижегородская обл, г Арзамас
Нижегородская обл, г Балахна
Нижегородская обл, г Богородск
Нижегородская обл, г Бор
Нижегородская обл, г Ветлуга
Нижегородская обл, г Володарск
Нижегородская обл, Павловский р-н, г Ворсма
Нижегородская обл, г Выкса
Нижегородская обл, Павловский р-н, г Горбатов
Нижегородская обл, г Городец
Нижегородская обл, г Дзержинск
Нижегородская обл, Городецкий р-н, г Заволжье
Нижегородская обл, г Княгинино
Нижегородская обл, г Кстово
Нижегородская обл, г Кулебаки
Нижегородская обл, г Лукоянов
Нижегородская обл, г Лысково
Нижегородская обл, г Навашино
г Нижний Новгород
Нижегородская обл, г Павлово
Нижегородская обл, г Первомайск
Нижегородская обл, г Перевоз
Нижегородская обл, г Саров
Нижегородская обл, г Семенов
Нижегородская обл, г Сергач
Нижегородская обл, г Урень
Нижегородская обл, г Чкаловск
Нижегородская обл, г Шахунья
Новгородская обл, г Боровичи
Новгородская обл, г Валдай
г Великий Новгород
Новгородская обл, г Малая Вишера
Новгородская обл, г Окуловка
Новгородская обл, г Пестово
Новгородская обл, г Сольцы
Новгородская обл, г Старая Русса
Новгородская обл, г Холм
Новгородская обл, г Чудово
Новосибирская обл, Барабинский р-н, г Барабинск
Новосибирская обл, г Бердск
Новосибирская обл, г Болотное
Новосибирская обл, г Искитим
Новосибирская обл, г Карасук
Новосибирская обл, г Каргат
Новосибирская обл, Куйбышевский р-н, г Куйбышев
Новосибирская обл, г Купино
г Новосибирск
Новосибирская обл, г Обь
Новосибирская обл, Татарский р-н, г Татарск
Новосибирская обл, г Тогучин
Новосибирская обл, г Черепаново
Новосибирская обл, г Чулым
Омская обл, г Исилькуль
Омская обл, г Калачинск
Омская обл, г Называевск
г Омск
Омская обл, г Тара
Омская обл, г Тюкалинск
Оренбургская обл, г Абдулино
Оренбургская обл, г Бугуруслан
Оренбургская обл, г Бузулук
Оренбургская обл, г Гай
Оренбургская обл, г Кувандык
Оренбургская обл, г Медногорск
Оренбургская обл, г Новотроицк
г Оренбург
Оренбургская обл, г Орск
Оренбургская обл, г Соль-Илецк
Оренбургская обл, г Сорочинск
Оренбургская обл, г Ясный
Орловская обл, г Болхов
Орловская обл, г Дмитровск
Орловская обл, г Ливны
Орловская обл, г Малоархангельск
Орловская обл, г Мценск
Орловская обл, г Новосиль
г Орёл
Пензенская обл, г Белинский
Пензенская обл, г Городище
Пензенская обл, г Заречный
Пензенская обл, г Каменка
Пензенская обл, г Кузнецк
Пензенская обл, г Нижний Ломов
Пензенская обл, г Никольск
г Пенза
Пензенская обл, г Сердобск
Пензенская обл, г Спасск
Пензенская обл, Городищенский р-н, г Сурск
Пермский край, г Александровск
Пермский край, г Березники
Пермский край, г Верещагино
Пермский край, г Горнозаводск
Пермский край, г Гремячинск
Пермский край, г Губаха
Пермский край, г Добрянка
Пермский край, г Кизел
Пермский край, г Красновишерск
Пермский край, г Краснокамск
Пермский край, г Кудымкар
Пермский край, г Кунгур
Пермский край, г Лысьва
Пермский край, г Нытва
Пермский край, г Оса
Пермский край, г Оханск
Пермский край, г Очер
г Пермь
Пермский край, г Соликамск
Пермский край, г Усолье
Пермский край, г Чайковский
Пермский край, г Чердынь
Пермский край, Ильинский р-н, г Чермоз
Пермский край, г Чернушка
Пермский край, г Чусовой
Приморский край, г Арсеньев
Приморский край, г Артем
Приморский край, г Большой Камень
г Владивосток
Приморский край, г Дальнегорск
Приморский край, г Дальнереченск
Приморский край, г Лесозаводск
Приморский край, г Находка
Приморский край, г Партизанск
Приморский край, г Спасск-Дальний
Приморский край, г Уссурийск
Приморский край, г Фокино
Псковская обл, г Великие Луки
Псковская обл, г Гдов
Псковская обл, г Дно
Псковская обл, г Невель
Псковская обл, г Новоржев
Псковская обл, г Новосокольники
Псковская обл, г Опочка
Псковская обл, г Остров
Псковская обл, г Печоры
Псковская обл, г Порхов
г Псков
Псковская обл, г Пустошка
Псковская обл, г Пыталово
Псковская обл, г Себеж
Ростовская обл, г Азов
Ростовская обл, г Аксай
Ростовская обл, г Батайск
Ростовская обл, г Белая Калитва
Ростовская обл, г Волгодонск
Ростовская обл, г Гуково
Ростовская обл, г Донецк
Ростовская обл, г Зверево
Ростовская обл, г Зерноград
Ростовская обл, г Каменск-Шахтинский
Ростовская обл, г Константиновск
Ростовская обл, г Красный Сулин
Ростовская обл, г Миллерово
Ростовская обл, г Морозовск
Ростовская обл, г Новочеркасск
Ростовская обл, г Новошахтинск
Ростовская обл, г Пролетарск
г Ростов-на-Дону
Ростовская обл, г Сальск
Ростовская обл, г Семикаракорск
Ростовская обл, г Таганрог
Ростовская обл, г Цимлянск
Ростовская обл, г Шахты
Рязанская обл, г Касимов
Рязанская обл, г Кораблино
Рязанская обл, г Михайлов
Рязанская обл, Пронский р-н, г Новомичуринск
Рязанская обл, г Рыбное
Рязанская обл, г Ряжск
г Рязань
Рязанская обл, г Сасово
Рязанская обл, г Скопин
Рязанская обл, г Спас-Клепики
Рязанская обл, г Спасск-Рязанский
Рязанская обл, г Шацк
Самарская обл, г Жигулевск
Самарская обл, г Кинель
Самарская обл, г Нефтегорск
Самарская обл, г Новокуйбышевск
Самарская обл, г Октябрьск
Самарская обл, г Отрадный
Самарская обл, г Похвистнево
г Самара
Самарская обл, г Сызрань
Самарская обл, г Тольятти
Самарская обл, г Чапаевск
г Санкт-Петербург
Саратовская обл, г Аркадак
Саратовская обл, г Аткарск
Саратовская обл, г Балаково
Саратовская обл, г Балашов
Саратовская обл, г Вольск
Саратовская обл, г Ершов
Саратовская обл, г Калининск
Саратовская обл, г Красноармейск
Саратовская обл, г Красный Кут
Саратовская обл, г Маркс
Саратовская обл, г Новоузенск
Саратовская обл, г Петровск
Саратовская обл, г Пугачев
Саратовская обл, г Ртищево
г Саратов
Саратовская обл, г Хвалынск
Саратовская обл, г Шиханы
Саратовская обл, г Энгельс
Сахалинская обл, г Александровск-Сахалинский
Сахалинская обл, г Анива
Сахалинская обл, г Долинск
Сахалинская обл, г Корсаков
Сахалинская обл, г Курильск
Сахалинская обл, г Макаров
Сахалинская обл, г Невельск
Сахалинская обл, г Оха
Сахалинская обл, г Поронайск
Сахалинская обл, г Северо-Курильск
Сахалинская обл, г Томари
Сахалинская обл, г Углегорск
Сахалинская обл, г Холмск
г Южно-Сахалинск
Свердловская обл, г Алапаевск
Свердловская обл, Сысертский р-н, г Арамиль
Свердловская обл, г Артемовский
Свердловская обл, г Асбест
Свердловская обл, г Березовский
Свердловская обл, Богдановичский р-н, г Богданович
Свердловская обл, г Верхний Тагил
Свердловская обл, г Верхняя Пышма
Свердловская обл, г Верхняя Салда
Свердловская обл, г Верхняя Тура
Свердловская обл, г Верхотурье
Свердловская обл, г Волчанск
Свердловская обл, г Дегтярск
г Екатеринбург
Свердловская обл, г Заречный
Свердловская обл, г Ивдель
Свердловская обл, г Ирбит
Свердловская обл, г Каменск-Уральский
Свердловская обл, г Камышлов
Свердловская обл, г Карпинск
Свердловская обл, г Качканар
Свердловская обл, г Кировград
Свердловская обл, г Краснотурьинск
Свердловская обл, г Красноуральск
Свердловская обл, г Красноуфимск
Свердловская обл, г Кушва
Свердловская обл, г Лесной
Свердловская обл, Нижнесергинский р-н, г Михайловск
Свердловская обл, г Невьянск
Свердловская обл, г Нижние Серги
Свердловская обл, г Нижний Тагил
Свердловская обл, г Нижняя Салда
Свердловская обл, г Нижняя Тура
Свердловская обл, г Новая Ляля
Свердловская обл, г Новоуральск
Свердловская обл, г Первоуральск
Свердловская обл, г Полевской
Свердловская обл, г Ревда
Свердловская обл, г Реж
Свердловская обл, г Североуральск
Свердловская обл, г Серов
Свердловская обл, г Среднеуральск
Свердловская обл, Сухоложский р-н, г Сухой Лог
Свердловская обл, г Сысерть
Свердловская обл, г Тавда
Свердловская обл, г Талица
Свердловская обл, г Туринск
г Севастополь
Респ Северная Осетия - Алания, г Алагир
Респ Северная Осетия - Алания, г Ардон
Респ Северная Осетия - Алания, г Беслан
г Владикавказ
Респ Северная Осетия - Алания, г Дигора
Респ Северная Осетия - Алания, г Моздок
Смоленская обл, г Велиж
Смоленская обл, г Вязьма
Смоленская обл, г Гагарин
Смоленская обл, г Демидов
Смоленская обл, г Десногорск
Смоленская обл, г Дорогобуж
Смоленская обл, г Духовщина
Смоленская обл, г Ельня
Смоленская обл, г Починок
Смоленская обл, г Рославль
Смоленская обл, г Рудня
Смоленская обл, г Сафоново
г Смоленск
Смоленская обл, г Сычевка
Смоленская обл, г Ярцево
Ставропольский край, г Благодарный
Ставропольский край, г Буденновск
Ставропольский край, г Георгиевск
Ставропольский край, г Ессентуки
Ставропольский край, г Железноводск
Ставропольский край, г Зеленокумск
Ставропольский край, г Изобильный
Ставропольский край, г Ипатово
Ставропольский край, г Кисловодск
Ставропольский край, г Лермонтов
Ставропольский край, г Минеральные Воды
Ставропольский край, г Михайловск
Ставропольский край, г Невинномысск
Ставропольский край, г Нефтекумск
Ставропольский край, г Новоалександровск
Ставропольский край, г Новопавловск
Ставропольский край, г Пятигорск
Ставропольский край, г Светлоград
г Ставрополь
Тамбовская обл, г Жердевка
Тамбовская обл, г Кирсанов
Тамбовская обл, г Котовск
Тамбовская обл, г Мичуринск
Тамбовская обл, г Моршанск
Тамбовская обл, г Рассказово
г Тамбов
Тамбовская обл, г Уварово
Респ Татарстан, г Агрыз
Респ Татарстан, г Азнакаево
Респ Татарстан, г Альметьевск
Респ Татарстан, г Арск
Респ Татарстан, г Бавлы
Респ Татарстан, г Болгар
Респ Татарстан, г Бугульма
Респ Татарстан, г Буинск
Респ Татарстан, г Елабуга
Респ Татарстан, г Заинск
Респ Татарстан, г Зеленодольск
Респ Татарстан, Верхнеуслонский р-н, г Иннополис
г Казань
Респ Татарстан, г Кукмор
Респ Татарстан, г Лаишево
Респ Татарстан, г Лениногорск
Респ Татарстан, г Мамадыш
Респ Татарстан, г Менделеевск
Респ Татарстан, г Мензелинск
Респ Татарстан, г Набережные Челны
Респ Татарстан, г Нижнекамск
Респ Татарстан, г Нурлат
Респ Татарстан, г Тетюши
Респ Татарстан, г Чистополь
Тверская обл, г Андреаполь
Тверская обл, г Бежецк
Тверская обл, г Белый
Тверская обл, г Бологое
Тверская обл, г Весьегонск
Тверская обл, г Вышний Волочек
Тверская обл, г Западная Двина
Тверская обл, г Зубцов
Тверская обл, г Калязин
Тверская обл, г Кашин
Тверская обл, г Кимры
Тверская обл, г Конаково
Тверская обл, г Красный Холм
Тверская обл, г Кувшиново
Тверская обл, г Лихославль
Тверская обл, г Нелидово
Тверская обл, г Осташков
Тверская обл, г Ржев
Тверская обл, г Старица
г Тверь
Тверская обл, г Торжок
Тверская обл, г Торопец
Тверская обл, г Удомля
Томская обл, г Асино
Томская обл, г Кедровый
Томская обл, г Колпашево
Томская обл, г Северск
Томская обл, г Стрежевой
г Томск
Тульская обл, г Алексин
Тульская обл, г Белев
Тульская обл, г Богородицк
Тульская обл, Киреевский р-н, г Болохово
Тульская обл, г Венев
Тульская обл, г Донской
Тульская обл, г Ефремов
Тульская обл, г Кимовск
Тульская обл, г Киреевск
Тульская обл, Киреевский р-н, г Липки
Тульская обл, г Новомосковск
Тульская обл, г Плавск
Тульская обл, Щекинский р-н, г Советск
Тульская обл, г Суворов
г Тула
Тульская обл, г Узловая
Тульская обл, Суворовский р-н, г Чекалин
Тульская обл, г Щекино
Тульская обл, г Ясногорск
Респ Тыва, г Ак-Довурак
г Кызыл
Респ Тыва, г Туран
Респ Тыва, г Чадан
Респ Тыва, г Шагонар
Тюменская обл, г Заводоуковск
Тюменская обл, г Ишим
Тюменская обл, г Тобольск
г Тюмень
Тюменская обл, г Ялуторовск
Респ Удмуртская, г Воткинск
Респ Удмуртская, г Глазов
г Ижевск
Респ Удмуртская, г Камбарка
Респ Удмуртская, г Можга
Респ Удмуртская, г Сарапул
Ульяновская обл, Барышский р-н, г Барыш
Ульяновская обл, г Димитровград
Ульяновская обл, г Инза
Ульяновская обл, г Новоульяновск
Ульяновская обл, г Сенгилей
г Ульяновск
Хабаровский край, г Амурск
Хабаровский край, г Бикин
Хабаровский край, г Вяземский
Хабаровский край, г Комсомольск-на-Амуре
Хабаровский край, г Николаевск-на-Амуре
Хабаровский край, г Советская Гавань
г Хабаровск
Респ Хакасия, г Абаза
г Абакан
Респ Хакасия, г Саяногорск
Респ Хакасия, г Сорск
Респ Хакасия, г Черногорск
Ханты-Мансийский Автономный округ - Югра АО, г Белоярский
Ханты-Мансийский Автономный округ - Югра АО, г Когалым
Ханты-Мансийский Автономный округ - Югра АО, г Лангепас
Ханты-Мансийский Автономный округ - Югра АО, Сургутский р-н, г Лянтор
Ханты-Мансийский Автономный округ - Югра АО, г Мегион
Ханты-Мансийский Автономный округ - Югра АО, г Нефтеюганск
Ханты-Мансийский Автономный округ - Югра АО, г Нижневартовск
Ханты-Мансийский Автономный округ - Югра АО, г Нягань
Ханты-Мансийский Автономный округ - Югра АО, г Покачи
Ханты-Мансийский Автономный округ - Югра АО, г Пыть-Ях
Ханты-Мансийский Автономный округ - Югра АО, г Радужный
Ханты-Мансийский Автономный округ - Югра АО, г Советский
Ханты-Мансийский Автономный округ - Югра АО, г Сургут
Ханты-Мансийский Автономный округ - Югра АО, г Урай
г Ханты-Мансийск
Ханты-Мансийский Автономный округ - Югра АО, г Югорск
Челябинская обл, г Аша
Челябинская обл, Саткинский р-н, г Бакал
Челябинская обл, г Верхнеуральск
Челябинская обл, г Верхний Уфалей
Челябинская обл, г Еманжелинск
Челябинская обл, г Златоуст
Челябинская обл, г Карабаш
Челябинская обл, г Карталы
Челябинская обл, г Касли
Челябинская обл, г Катав-Ивановск
Челябинская обл, г Копейск
Челябинская обл, г Коркино
Челябинская обл, г Куса
Челябинская обл, г Кыштым
Челябинская обл, г Магнитогорск
Челябинская обл, г Миасс
Челябинская обл, Ашинский р-н, г Миньяр
Челябинская обл, г Нязепетровск
Челябинская обл, г Озерск
Челябинская обл, г Пласт
Челябинская обл, г Сатка
Челябинская обл, Ашинский р-н, г Сим
Челябинская обл, г Снежинск
Челябинская обл, г Трехгорный
Челябинская обл, г Троицк
Челябинская обл, г Усть-Катав
Челябинская обл, г Чебаркуль
г Челябинск
Челябинская обл, г Южноуральск
Челябинская обл, Катав-Ивановский р-н, г Юрюзань
Респ Чеченская, г Аргун
г Грозный
Респ Чеченская, г Гудермес
Респ Чеченская, г Курчалой
Респ Чеченская, г Урус-Мартан
Респ Чеченская, г Шали
Чувашская Республика - Чувашия, г Алатырь
Чувашская Республика - Чувашия, г Канаш
Чувашская Республика - Чувашия, г Козловка
Чувашская Республика - Чувашия, г Мариинский Посад
Чувашская Республика - Чувашия, г Новочебоксарск
Чувашская Республика - Чувашия, г Цивильск
г Чебоксары
Чувашская Республика - Чувашия, г Шумерля
Чувашская Республика - Чувашия, г Ядрин
г Анадырь
Чукотский АО, г Билибино
Чукотский АО, г Певек
Респ Саха /Якутия/, г Алдан
Респ Саха /Якутия/, у Верхоянский, г Верхоянск
Респ Саха /Якутия/, г Вилюйск
Респ Саха /Якутия/, г Ленск
Респ Саха /Якутия/, г Мирный
Респ Саха /Якутия/, г Нерюнгри
Респ Саха /Якутия/, г Нюрба
Респ Саха /Якутия/, г Олекминск
Респ Саха /Якутия/, г Покровск
Респ Саха /Якутия/, г Среднеколымск
Респ Саха /Якутия/, у Алданский, г Томмот
Респ Саха /Якутия/, у Мирнинский, г Удачный
г Якутск
Ямало-Ненецкий АО, г Губкинский
Ямало-Ненецкий АО, г Лабытнанги
Ямало-Ненецкий АО, г Муравленко
Ямало-Ненецкий АО, г Надым
Ямало-Ненецкий АО, г Новый Уренгой
Ямало-Ненецкий АО, г Ноябрьск
г Салехард
Ямало-Ненецкий АО, г Тарко-Сале
Ярославская обл, г Гаврилов-Ям
Ярославская обл, г Данилов
Ярославская обл, г Любим
Ярославская обл, г Мышкин
Ярославская обл, г Переславль-Залесский
Ярославская обл, г Пошехонье
Ярославская обл, г Ростов
Ярославская обл, г Рыбинск
Ярославская обл, г Тутаев
Ярославская обл, г Углич
г Ярославль
